epoch,train_loss,val_loss,val_f1
1,0.005023961736103552,0.0012501178822284871,0.9992323489385865
