epoch,train_loss,val_loss,val_f1
1,0.2397864782967713,0.07550818107861047,0.9513146741035186
2,0.07450305081427969,0.05171375143744449,0.9639513402291788
3,0.056842733888880156,0.04292443446233931,0.9669134824423573
4,0.047961221171752264,0.03605306075605331,0.9693538964414942
5,0.04130682793513291,0.03052957761211394,0.9758732190290554
6,0.03646734679269467,0.02593183043865865,0.9749366938484307
7,0.03218206317251445,0.0231664714810985,0.9766270298486466
8,0.02913381049925212,0.020782595276862152,0.9812415070883241
