epoch,train_loss,val_loss,val_f1
1,0.01534416355937572,0.00873411225551059,0.9765300864699412
