epoch,train_loss,val_loss,val_f1
1,0.05055228334555876,0.003070080272060009,0.9986635862386711
2,0.0025898186318634438,0.0013987165140660358,0.9992381844346805
3,0.0015082640082205924,0.0009762087730542081,0.9994518025067834
4,0.001079083224802045,0.000789259057476047,0.9996054730786145
5,0.0008790344510964529,0.0006765592996233038,0.9996450038798528
6,0.0007841254625796543,0.0006044527841952454,0.999659693756682
7,0.0006958049853322949,0.0005494349127868533,0.9996863239141206
8,0.000629058967756432,0.0005337200227777455,0.9997034385549952
9,0.000577832410601907,0.0005169290529128097,0.9997040346731572
