epoch,train_loss,val_loss,val_f1
1,0.18207877992145877,0.06025235738444835,0.9600810372745235
2,0.06300303397291392,0.04644566079345481,0.9666453701196411
3,0.05149480778851929,0.039890739622452494,0.9682058186555097
4,0.04483788281174355,0.03459718644258214,0.969435389467993
5,0.03970043426866949,0.030416114953159695,0.9726367103194045
6,0.035270110572204943,0.02714510232100744,0.9751652146795089
7,0.032786280341568684,0.024706287405413516,0.9783432814657316
8,0.030918542999403012,0.023096248554222924,0.9786108886579657
