epoch,train_loss,val_loss,val_f1
1,0.06175325118002538,0.0037371733888287707,0.998521828996614
2,0.0029983608219066823,0.0014044776694817497,0.9991811362869276
