epoch,train_loss,val_loss,val_f1
1,0.10627958396959113,0.02110510756570116,0.9764185080554327
2,0.02396263199196742,0.013199690712375948,0.989008678879824
3,0.01746592261007562,0.011983547032790233,0.990206347215248
