epoch,train_loss,val_loss,val_f1
1,0.005386784887921151,0.0010488277669923934,0.9991309267160079
