epoch,train_loss,val_loss,val_f1
1,0.022975407651999274,0.009588248864813556,0.9742819723833026
2,0.010135887922230902,0.00907683698412522,0.9758722411197263
3,0.009612711191825591,0.008611357998532932,0.977789504402597
4,0.00923566348578663,0.008526307542409297,0.9779892711614478
5,0.009104772597662524,0.00848829863865045,0.9773408962732087
6,0.009006982346611361,0.008431512177021611,0.9771761259898848
7,0.0089150234699047,0.008381434498677022,0.9774843007057502
8,0.008855849806532822,0.01543772476982355,0.9476449051921648
9,0.008819385206750937,0.008306581913023062,0.9781336643613119
