epoch,train_loss,val_loss,val_f1
1,0.10358219312375996,0.02010621947383663,0.9834016685468908
2,0.027860955966622823,0.01457122010187181,0.9877810303348712
