epoch,train_loss,val_loss,val_f1
1,0.016252272581198015,0.0029132038229115875,0.9980248744512337
2,0.004102084719545242,0.002228020987833558,0.9985305114425596
3,0.003090299817250401,0.001869208414043751,0.9987465248839632
4,0.002315364978860882,0.0014240988956307772,0.9991211532548847
