epoch,train_loss,val_loss,val_f1
1,0.010772148455094001,0.0024657278349894205,0.9986265993485838
