epoch,train_loss,val_loss,val_f1
1,0.004162505247029583,0.0006023604842898642,0.9996427413416648
2,0.0006847269564541611,0.0005215023533933234,0.9997018532750087
