epoch,train_loss,val_loss,val_f1
1,0.048725320063031256,0.016263893757353324,0.9880160125411107
2,0.015649880451872746,0.012966428541710132,0.9901201042896252
