epoch,train_loss,val_loss,val_f1
1,0.0026656051879093033,0.0007659159810214014,0.9996300694448781
