epoch,train_loss,val_loss,val_f1
1,0.0562840420390134,0.017508463589332245,0.9876988842902454
2,0.016493861639532148,0.011884705175551943,0.9923636408226284
