epoch,train_loss,val_loss,val_f1
1,0.1561365767392337,0.05058829181456665,0.9576697024805236
2,0.051507582378579234,0.03749608296851455,0.9675345845324894
3,0.04010198384864062,0.029888116587992106,0.9692253191158228
4,0.034346020388575454,0.02628803358153233,0.9722786209337695
5,0.03093297224236332,0.023783860698499054,0.976987598609902
6,0.02837027594207405,0.021971162521110497,0.9784780978509517
7,0.025974355027659983,0.020639617362886366,0.9827533341520938
8,0.02477063885105302,0.01966326476521472,0.9829041702680285
9,0.023597116841541116,0.0186048913614739,0.9837091820700378
