epoch,train_loss,val_loss,val_f1
1,0.12286153039520419,0.051277115043547684,0.9641970703729963
2,0.049840975675817065,0.03992744493482131,0.9662156989593632
3,0.03943954255182697,0.032970228576250885,0.9697583057043941
4,0.03342965172065909,0.025748869803340266,0.9804544306544616
5,0.030197558001907675,0.024318303520905638,0.9779652061158834
6,0.02837831704111598,0.022415373692154815,0.9826853646930608
7,0.026694238594371218,0.021070796844356705,0.982529429422689
8,0.02509582360021953,0.02045531604711819,0.983138337747375
