epoch,train_loss,val_loss,val_f1
1,0.10546801766344392,0.02317063840969992,0.9805803008876521
2,0.023196705212464887,0.012136561322700743,0.9905703417373702
