epoch,train_loss,val_loss,val_f1
1,0.003451510825713153,0.0009047125197054374,0.999578575828571
2,0.0007749002773194826,0.000597467566089976,0.9996824841394235
