epoch,train_loss,val_loss,val_f1
1,0.005700852771228278,0.0011695245841744002,0.999234587783075
