epoch,train_loss,val_loss,val_f1
1,0.003901527960120731,0.0022049682740093524,0.9994012675914689
2,0.002049514867339834,0.0005926379842631865,0.9997029711327333
3,0.0005766569726102897,0.0004930658793723176,0.9997423181647592
