epoch,train_loss,val_loss,val_f1
1,0.016719876007883362,0.008969632934420192,0.9762994807347144
