epoch,train_loss,val_loss,val_f1
1,0.0494588032036617,0.01633967862455728,0.9436212158723117
2,0.015186907959938996,0.009968899496915805,0.9738406627968452
3,0.011667234017776107,0.009049883581648238,0.9767207893712803
4,0.010369461298153828,0.008783387969193706,0.9766799599451976
5,0.009880875955429963,0.09617313703688377,0.8033351127315981
6,0.009578442007451414,0.00847847394769104,0.9770267289473913
7,0.009346108519757689,0.01949826100408523,0.9455969894530077
8,0.00923037892453033,0.02128693544793617,0.9455612820595706
9,0.009111436840724681,0.008421849957819624,0.9774828769651103
