epoch,train_loss,val_loss,val_f1
1,0.016183653911613964,0.009071442704354407,0.9761279921225087
