epoch,train_loss,val_loss,val_f1
1,0.1058386131134408,0.021689322356768227,0.9765657672304225
2,0.028292250463140163,0.013511517973061141,0.9884135255463505
