epoch,train_loss,val_loss,val_f1
1,0.1158139438774037,0.009147857639025371,0.9947139819282036
2,0.009663370674469639,0.003994995127711156,0.9978936012715841
3,0.005079071437720974,0.0022391953932222697,0.9986198625214298
4,0.0036778465844614747,0.0019309801947960952,0.998787267089386
