epoch,train_loss,val_loss,val_f1
1,0.05579924749276238,0.01566048940127273,0.9874771179994518
