epoch,train_loss,val_loss,val_f1
1,0.0902356841549144,0.03743262848883164,0.9732332356538211
2,0.02812704762709348,0.018311889323687408,0.9867208331618438
