epoch,train_loss,val_loss,val_f1
1,0.1044067464117262,0.03305503891340724,0.978417979505865
2,0.027466083971179542,0.017402564720026107,0.9842416923651616
3,0.020822542147449316,0.013905157720458297,0.9866614812378273
