epoch,train_loss,val_loss,val_f1
1,0.09325205393433636,0.021165818552497502,0.9794874379951145
2,0.028453459556990652,0.014543250234330734,0.9878602757384348
