epoch,train_loss,val_loss,val_f1
1,0.009472300327085062,0.001563648888464089,0.9990794207805966
