epoch,train_loss,val_loss,val_f1
1,0.004117474411541539,0.0005513251196124691,0.9996550006597928
2,0.0006846229031100272,0.0004744642004420344,0.9996885693330466
