epoch,train_loss,val_loss,val_f1
1,0.011948024691621598,0.008952650004813635,0.9756994158914871
2,0.008802944189406125,0.008556181098601033,0.9722595147792258
3,0.008465963728321329,0.008593657085692498,0.976005661338587
4,0.00845466845533609,0.008588549759082725,0.9773558183087243
5,0.008303623751600491,0.008229548460080711,0.9784860686957866
