epoch,train_loss,val_loss,val_f1
1,0.04966346903598807,0.014167671240688833,0.9615097623002432
2,0.015119746252804446,0.010504023222084208,0.9717578420631255
3,0.012217066084677613,0.009439501623798351,0.9750941507833097
4,0.010562764382880044,0.00895930010215929,0.9761743150134642
5,0.009898681211271453,0.008809000373227039,0.9770292568458679
6,0.009539353206822724,0.008731922335219426,0.9770887405203813
7,0.00937161408723939,0.008598992019022998,0.9770407495072783
8,0.009236849370189327,0.00858853325284294,0.9751123245912289
9,0.009142725689680364,0.008484952572536762,0.9776204820725342
