epoch,train_loss,val_loss,val_f1
1,0.08619050931801843,0.03696657768593915,0.9780839858909732
2,0.02784385950780293,0.01748837864610098,0.9866938013494032
