epoch,train_loss,val_loss,val_f1
1,0.01623671074618622,0.00117028714464728,0.9992502488932177
2,0.0015906974658925878,0.0008339586110501184,0.9995008306447081
