epoch,train_loss,val_loss,val_f1
1,0.05030056807969242,0.018425021863982673,0.9441706528294741
2,0.016310092291221864,0.010366498896199464,0.9733839541393307
3,0.01210520127349001,0.009265638650006403,0.9760982512146801
4,0.010686911843241548,0.052954204321506604,0.8166742574581698
5,0.010089857584302347,0.00860101534903011,0.9775756240212321
