epoch,train_loss,val_loss,val_f1
1,0.003983835892049457,0.0005813019764125863,0.9996611779836551
